<?xml version="1.0" encoding="UTF-8"?><rss version="2.0"
	xmlns:content="http://purl.org/rss/1.0/modules/content/"
	xmlns:dc="http://purl.org/dc/elements/1.1/"
	xmlns:atom="http://www.w3.org/2005/Atom"
	xmlns:sy="http://purl.org/rss/1.0/modules/syndication/"
	
	>
<channel>
	<title>
	サンプルページ へのコメント	</title>
	<atom:link href="/sample-page/feed/?simply_static_page=214" rel="self" type="application/rss+xml" />
	<link>/sample-page/</link>
	<description>インドネシアの古都ジョグジャから、観光、現地生活の『いろは』を紹介</description>
	<lastBuildDate>Sun, 07 Aug 2022 18:10:31 +0000</lastBuildDate>
	<sy:updatePeriod>
	hourly	</sy:updatePeriod>
	<sy:updateFrequency>
	1	</sy:updateFrequency>
	<generator>https://wordpress.org/?v=6.1.1</generator>
</channel>
</rss>
