<?xml version="1.0" encoding="UTF-8"?><rss version="2.0"
	xmlns:content="http://purl.org/rss/1.0/modules/content/"
	xmlns:wfw="http://wellformedweb.org/CommentAPI/"
	xmlns:dc="http://purl.org/dc/elements/1.1/"
	xmlns:atom="http://www.w3.org/2005/Atom"
	xmlns:sy="http://purl.org/rss/1.0/modules/syndication/"
	xmlns:slash="http://purl.org/rss/1.0/modules/slash/"
	>

<channel>
	<title>未分類 アーカイブ - じょぐじゃらんじゃらん</title>
	<atom:link href="/category/uncategorized/feed/?simply_static_page=205" rel="self" type="application/rss+xml" />
	<link>/category/uncategorized/</link>
	<description>インドネシアの古都ジョグジャから、観光、現地生活の『いろは』を紹介</description>
	<lastBuildDate>Sun, 07 Aug 2022 18:10:31 +0000</lastBuildDate>
	<language>ja</language>
	<sy:updatePeriod>
	hourly	</sy:updatePeriod>
	<sy:updateFrequency>
	1	</sy:updateFrequency>
	<generator>https://wordpress.org/?v=6.1.1</generator>
	<item>
		<title>Hello world!</title>
		<link>/hello-world/</link>
					<comments>/hello-world/#comments</comments>
		
		<dc:creator><![CDATA[kikuchi]]></dc:creator>
		<pubDate>Sun, 07 Aug 2022 18:10:31 +0000</pubDate>
				<category><![CDATA[未分類]]></category>
		<guid isPermaLink="false">/?p=1</guid>

					<description><![CDATA[<p>WordPress へようこそ。こちらは最初の投稿です。編集または削除し、コンテンツ作成を始めてください。</p>
<p>投稿 <a rel="nofollow" href="/hello-world/">Hello world!</a> は <a rel="nofollow" href="/">じょぐじゃらんじゃらん</a> に最初に表示されました。</p>
]]></description>
										<content:encoded><![CDATA[
<p>WordPress へようこそ。こちらは最初の投稿です。編集または削除し、コンテンツ作成を始めてください。</p>
<p>投稿 <a rel="nofollow" href="/hello-world/">Hello world!</a> は <a rel="nofollow" href="/">じょぐじゃらんじゃらん</a> に最初に表示されました。</p>
]]></content:encoded>
					
					<wfw:commentRss>/hello-world/feed/</wfw:commentRss>
			<slash:comments>1</slash:comments>
		
		
			</item>
	</channel>
</rss>
