<?xml version="1.0" encoding="UTF-8"?><rss version="2.0"
	xmlns:content="http://purl.org/rss/1.0/modules/content/"
	xmlns:dc="http://purl.org/dc/elements/1.1/"
	xmlns:atom="http://www.w3.org/2005/Atom"
	xmlns:sy="http://purl.org/rss/1.0/modules/syndication/"
	
	>
<channel>
	<title>
	Hello world! へのコメント	</title>
	<atom:link href="/hello-world/feed/?simply_static_page=200" rel="self" type="application/rss+xml" />
	<link>/hello-world/</link>
	<description>インドネシアの古都ジョグジャから、観光、現地生活の『いろは』を紹介</description>
	<lastBuildDate>Sun, 07 Aug 2022 18:10:31 +0000</lastBuildDate>
	<sy:updatePeriod>
	hourly	</sy:updatePeriod>
	<sy:updateFrequency>
	1	</sy:updateFrequency>
	<generator>https://wordpress.org/?v=6.1.1</generator>
	<item>
		<title>
		WordPress コメントの投稿者 より		</title>
		<link>/hello-world/#comment-1</link>

		<dc:creator><![CDATA[WordPress コメントの投稿者]]></dc:creator>
		<pubDate>Sun, 07 Aug 2022 18:10:31 +0000</pubDate>
		<guid isPermaLink="false">/?p=1#comment-1</guid>

					<description><![CDATA[こんにちは、これはコメントです。
コメントの承認、編集、削除を始めるにはダッシュボードの「コメント」画面にアクセスしてください。
コメントのアバターは「&lt;a href=&quot;https://ja.gravatar.com/&quot;&gt;Gravatar&lt;/a&gt;」から取得されます。]]></description>
			<content:encoded><![CDATA[<p>こんにちは、これはコメントです。<br />
コメントの承認、編集、削除を始めるにはダッシュボードの「コメント」画面にアクセスしてください。<br />
コメントのアバターは「<a href="https://ja.gravatar.com/">Gravatar</a>」から取得されます。</p>
]]></content:encoded>
		
			</item>
	</channel>
</rss>
